term,definition
Revenue,"Total money a company earns from selling goods or services before any expenses are deducted."
Net income (Net earnings),"Profit remaining after all expenses, interest, and taxes are subtracted from revenue."
Earnings,"Another word for net income, often used interchangeably on earnings calls."
Earnings per share (EPS),"Net income divided by the weighted‑average number of shares outstanding; indicates profit per share."
Diluted EPS,"EPS calculated assuming all dilutive securities (options, convertibles) are converted into common shares."
Basic EPS,"EPS based only on currently outstanding common shares, excluding potential dilution."
Top line,"Informal term for revenue, referring to the first line on the income statement."
Bottom line,"Informal term for net income, referring to the last line on the income statement."
Guidance,"Management’s forward‑looking estimates for future financial performance, such as revenue or EPS ranges."
Outlook,"Management’s qualitative and quantitative view of expected future performance and trends."
Forward‑looking statements,"Comments about expected future results subject to risks and uncertainties, usually accompanied by legal disclaimers."
Consensus,"Average or median of analysts’ forecasts for metrics such as revenue or EPS."
Beat and raise,"When a company reports results above consensus expectations and also increases future guidance."
Beat and maintain,"When a company beats expectations but keeps guidance unchanged."
Beat and lower,"When a company beats expectations but reduces future guidance."
Miss,"Reported results that fall short of analysts’ or company‑provided expectations."
Quarter,"Three‑month reporting period used for financial reporting (Q1, Q2, Q3, Q4)."
Fiscal year,"A company’s twelve‑month accounting year, which may not match the calendar year."
Quarter‑over‑quarter (QoQ),"Change in a metric compared to the immediately preceding quarter."
Year‑over‑year (YoY),"Change in a metric compared to the same quarter or period in the prior year."
Run‑rate,"Extrapolation of current performance over a longer period, assuming current trends continue."
Organic growth,"Growth generated from existing operations, excluding the impact of mergers, acquisitions, or currency movements."
Constant‑currency growth,"Growth calculated using fixed foreign exchange rates to remove FX impact."
Comparable sales (same‑store sales, comps),"Sales growth from locations open at least a year, excluding new stores or closures."
Bookings,"Total value of signed contracts or orders during a period, regardless of when revenue is recognized."
Backlog,"Value of orders received but not yet delivered or recognized as revenue."
Pipeline,"Set of potential deals or opportunities in progress but not yet booked."
Run‑off,"Deliberate or natural reduction of a business portfolio as contracts mature and are not renewed."
Churn,"Rate at which customers or recurring revenue are lost over a period."
Net retention (Net revenue retention),"Percentage of recurring revenue retained from existing customers after churn, upsell, and expansion."
Gross retention,"Percentage of recurring revenue retained from existing customers excluding upsell and expansion."
Annual recurring revenue (ARR),"Value of contracted recurring revenue normalized to a one‑year period."
Monthly recurring revenue (MRR),"Value of contracted recurring revenue normalized to a one‑month period."
Billings,"Invoice amounts issued in a period, sometimes differing from recognized revenue."
Deferred revenue,"Cash collected for goods or services not yet delivered; a liability until revenue is recognized."
Unbilled receivables,"Revenue earned but not yet invoiced to the customer."
Gross profit,"Revenue minus cost of goods sold; profit after direct production or service costs."
Gross margin,"Gross profit expressed as a percentage of revenue."
Operating income (Operating profit),"Profit from core operations after operating expenses but before interest and taxes."
Operating margin,"Operating income as a percentage of revenue."
EBIT,"Earnings before interest and taxes; similar to operating income but may include some non‑operating items."
EBITDA,"Earnings before interest, taxes, depreciation, and amortization; proxy for operating cash generation."
Adjusted EBITDA,"EBITDA excluding certain items management deems non‑recurring or non‑core."
EBIT margin,"EBIT expressed as a percentage of revenue."
EBITDA margin,"EBITDA expressed as a percentage of revenue."
Pre‑tax income,"Earnings before income tax expense is deducted."
Free cash flow (FCF),"Cash generated by operations minus capital expenditures; cash available to debt and equity holders."
Free cash flow margin,"Free cash flow as a percentage of revenue."
Cash from operations (CFO),"Net cash generated or used by the company’s core operating activities."
Capital expenditures (Capex),"Cash spent on acquiring or upgrading long‑term assets such as property, plant, and equipment."
Working capital,"Current assets minus current liabilities; measure of short‑term liquidity."
Change in working capital,"Period‑to‑period movement in items like receivables, payables, and inventory that affects cash flow."
Leverage,"Degree to which a company uses debt financing, often expressed as a ratio to EBITDA or equity."
Net debt,"Total debt minus cash and cash equivalents."
Net debt to EBITDA,"Leverage ratio comparing net debt to EBITDA, indicating debt‑carrying capacity."
Interest coverage,"Ratio of operating income or EBITDA to interest expense, indicating ability to service debt."
Liquidity,"Company’s ability to meet short‑term obligations, often discussed with reference to cash and credit facilities."
Covenants,"Financial or operational conditions attached to debt agreements that the company must comply with."
Capital structure,"Mix of debt, equity, and other financing used to fund the business."
Return on equity (ROE),"Net income divided by shareholders’ equity; measures profitability relative to equity base."
Return on assets (ROA),"Net income divided by total assets; measures efficiency in using assets to generate profit."
Return on invested capital (ROIC),"After‑tax operating profit divided by invested capital; measures efficiency of total capital employed."
Economic value added (EVA),"After‑tax operating profit minus a charge for the cost of capital; indicates value creation above capital cost."
Cost of capital,"Blended cost of debt and equity financing, often expressed as a percentage."
Weighted average cost of capital (WACC),"Average expected return required by all capital providers, weighted by their share of the capital structure."
Runway,"Approximate time a company can operate before needing additional funding, based on current cash and burn rate."
Burn rate,"Speed at which a company uses up its cash, typically expressed as cash spent per month or quarter."
Dilution,"Reduction in existing shareholders’ ownership percentage due to issuance of additional shares."
Share repurchase (buyback),"Company’s purchase of its own shares, reducing share count and potentially increasing EPS."
Dividend,"Cash or stock distribution paid to shareholders from profits or reserves."
Payout ratio,"Percentage of net income paid out as dividends."
Total shareholder return (TSR),"Combination of share price appreciation and dividends over a period."
Margin expansion,"Increase in profit margins compared to prior periods."
Margin compression,"Decrease in profit margins compared to prior periods."
Operating leverage,"Degree to which profit changes in response to revenue changes due to fixed versus variable cost structure."
Scalability,"Ability to increase revenue faster than costs, often leading to margin expansion as the business grows."
Synergies,"Cost savings or revenue benefits expected from a merger, acquisition, or integration."
Integration costs,"Expenses associated with combining acquired businesses into existing operations."
Restructuring charges,"One‑time costs related to reorganizing operations, such as layoffs or facility closures."
Impairment,"Write‑down of asset value when its recoverable amount falls below its carrying amount."
Depreciation,"Non‑cash expense allocating the cost of tangible assets over their useful lives."
Amortization,"Non‑cash expense allocating the cost of intangible assets over their useful lives."
Stock‑based compensation,"Non‑cash expense related to equity awards granted to employees and executives."
Non‑GAAP metrics,"Performance measures that adjust GAAP results to exclude items management considers non‑core or non‑recurring."
GAAP,"Generally Accepted Accounting Principles; standard accounting rules under which official results are reported."
IFRS,"International Financial Reporting Standards; global accounting framework used outside some GAAP jurisdictions."
Segment,"Distinct business line, geography, or product group reported separately within company results."
Geographic mix,"Proportion of revenue or profit generated from different regions or countries."
Product mix,"Composition of sales across products or categories, which can affect margins and growth."
Channel mix,"Sales distribution across channels such as direct, online, and wholesale; can affect pricing and margins."
Average selling price (ASP),"Average price at which a product or service is sold."
Volume,"Number of units sold or amount of services delivered."
Mix shift,"Change in proportion of products, customers, or geographies that affects revenue growth and margins."
Unit economics,"Revenue and cost per individual unit, customer, or transaction used to assess profitability."
Customer acquisition cost (CAC),"Average cost of acquiring a new customer, including marketing and sales expenses."
Lifetime value (LTV),"Estimated total profit a customer generates over their relationship with the company."
Payback period,"Time required to recover an investment, such as sales and marketing spend, from cash flows."
Headcount,"Number of employees, often discussed in the context of hiring freezes, reductions, or investments."
Restructuring,"Reorganization of operations, often to cut costs or focus on core businesses."
Platform,"Core set of products or services upon which additional offerings or ecosystems are built."
Moat,"Company’s competitive advantage that protects profits from competitors."
Tailwinds,"External or internal factors that help growth or profitability."
Headwinds,"External or internal factors that hinder growth or profitability."
Macro environment,"Broader economic conditions such as GDP growth, inflation, and interest rates affecting the business."
Pricing power,"Ability to raise prices without significantly reducing demand."
Execution,"Management’s effectiveness in implementing strategy and delivering on commitments."
Visibility,"Clarity and predictability of future revenue or demand based on backlog, contracts, or indicators."
Line of sight,"Perceived certainty around achieving future financial targets or milestones."
Color,"Additional qualitative detail or nuance requested by analysts beyond headline numbers."
One‑time items,"Non‑recurring events such as asset sales or legal settlements that impact results for a single period."
Recurring revenue,"Revenue that repeats regularly, such as subscriptions or maintenance fees."
Transaction revenue,"Revenue generated from one‑off sales or non‑recurring transactions."
Subscription,"Contract under which customers pay periodically for ongoing access to products or services."
License,"Right to use software or intellectual property, often linked with up‑front or periodic payments."
Maintenance and support,"Post‑sale services such as updates, support, and warranties."
Gross bookings value (GBV),"Total dollar value of all transactions processed on a platform before refunds or adjustments."
Take rate,"Percentage of transaction value that a platform retains as revenue."
Net revenue (for platforms),"Revenue retained after subtracting amounts passed through to partners or suppliers."
Order frequency,"Average number of orders or transactions per customer over a period."
Active users,"Number of users engaging with a product or service over a defined period."
Daily active users (DAU),"Unique users who engage with the product on a typical day."
Monthly active users (MAU),"Unique users who engage with the product during a typical month."
Engagement,"Depth or frequency of user interaction, often measured by time spent or actions taken."
Cohort,"Group of customers sharing a common start date or characteristic used for behavioral analysis."
Retention,"Percentage of customers or revenue that remains over time."
Attrition,"Loss of customers or revenue over time, the opposite of retention."
Inventory turns,"Number of times inventory is sold and replaced during a period."
Days sales outstanding (DSO),"Average number of days it takes to collect payment from customers."
Days payable outstanding (DPO),"Average number of days a company takes to pay its suppliers."
Supply chain,"Network of suppliers, manufacturers, and logistics providers supporting production and delivery."
Capacity,"Maximum output a company can produce with its existing assets and resources."
Utilization,"Actual output as a percentage of available capacity."
Operating efficiency,"Effectiveness in using resources to produce output, often tied to cost control and process improvements."
Cost optimization,"Efforts to reduce or better manage costs while preserving or improving performance."
Expense discipline,"Management’s focus on controlling spending relative to revenue and priorities."
SG&A,"Selling, general, and administrative expenses not directly tied to production."
R&D,"Research and development spending on new products, services, or technologies."
COGS,"Cost of goods sold; direct costs of producing products or delivering services."
Opex,"Operating expenses, typically including SG&A, R&D, and other overhead."
Tax rate (Effective tax rate),"Average tax rate on pre‑tax income based on actual taxes paid."
Non‑controlling interests,"Portion of subsidiary earnings attributable to minority shareholders."
Minority interest,"Alternative term for non‑controlling interests."
Share‑based metrics,"Per‑share figures such as EPS, cash flow per share, or book value per share."
Book value,"Net asset value of the company (assets minus liabilities) attributable to shareholders."
Tangible book value,"Book value excluding intangible assets such as goodwill and trademarks."
Goodwill,"Intangible asset arising from acquisitions when purchase price exceeds fair value of net identifiable assets."
Intangible assets,"Non‑physical assets such as patents, trademarks, and software."
Fair value,"Estimated market value of an asset or liability based on current conditions."
Write‑off,"Recognition that an asset or receivable is no longer recoverable, removing it from the balance sheet."
Provision,"Estimated liability recorded for expected future losses or obligations."
Allowance for credit losses,"Reserve set aside for expected losses on receivables or loans."
Credit quality,"Assessment of the likelihood that customers or borrowers will meet their obligations."
Portfolio,"Collection of assets, customers, loans, or products managed together."
Risk‑weighted assets (RWA),"Assets adjusted for their risk level, used especially in banking to measure capital needs."
Capital ratio,"Measure of capital adequacy, such as equity or Tier 1 capital relative to risk‑weighted assets."
Return on tangible equity (ROTE),"Net income divided by tangible shareholders’ equity, excluding goodwill and intangibles."
Capital allocation,"Management’s decisions on using cash for investment, debt repayment, buybacks, or dividends."
Strategic priorities,"Key focus areas management emphasizes for long‑term value creation."
Long‑term model,"Management’s targeted long‑run ranges for growth, margins, and returns."
Short‑cycle business,"Segments where demand reacts quickly to economic changes and order cycles are brief."
Long‑cycle business,"Segments with long lead times between order and delivery, such as large projects."
Visibility into demand,"Management’s view of future demand based on orders, backlog, and customer feedback."
Inventory normalization,"Process of bringing inventory levels back in line with demand after an over‑ or under‑stock period."
Channel inventory,"Inventory held by distributors or retailers rather than by the company itself."
Channel checks,"Informal or formal feedback from distributors, customers, or partners on demand conditions."
Promotional activity,"Discounting or marketing campaigns used to drive sales, often affecting margins."
Price realization,"Degree to which list price increases actually show up in realized selling prices."
Elasticity,"Sensitivity of demand to changes in price."
Macro headwinds,"Economic, political, or industry‑wide factors that negatively affect performance."
Macro tailwinds,"External trends that support or enhance performance."
Secular trends,"Long‑term structural shifts that influence demand beyond normal cycles."
Cyclical trends,"Performance patterns tied to economic cycles and short‑term fluctuations."
Green shoots,"Early signs of improvement after a downturn."
Softness,"Management’s description of weaker‑than‑expected demand or pricing."
Deleveraging,"Reducing debt levels relative to earnings or assets."
Releveraging,"Increasing debt levels, often to fund acquisitions, buybacks, or investments."
Spin‑off,"Separation of a business unit into a new, independent publicly traded company."
Divestiture,"Sale of a business unit, asset, or product line."
Bolt‑on acquisition,"Relatively small acquisition that complements existing operations."
Transformational acquisition,"Large, strategic acquisition that significantly changes the company’s profile."
Accretive,"Transaction expected to increase EPS after completion."
Dilutive,"Transaction expected to decrease EPS after completion."
Pro forma,"Financials adjusted to show what results would have looked like assuming a transaction had occurred earlier."
Unlock value,"Management’s claim that a change (restructuring, spin‑off, asset sale) will reveal or increase underlying value."
Portfolio optimization,"Rebalancing businesses or assets to focus on higher‑return or strategic areas."
Core business,"Primary set of products or services that define the company’s main operations."
Non‑core assets,"Businesses or assets considered outside the main strategic focus, often candidates for sale."
Turnaround,"Effort to restore a struggling business to acceptable performance."
Inflection point,"Moment when a meaningful change in trend or growth trajectory occurs."
Ramp,"Period in which production, sales, or hiring is increasing to reach a higher steady‑state level."
Stabilization,"Phase where performance stops deteriorating and begins to flatten or improve."
Scaling,"Expanding operations, customer base, or production while seeking efficiency gains."
Land‑and‑expand,"Strategy of starting with a small deal or footprint and growing with the customer over time."
Go‑to‑market (GTM),"Overall strategy for reaching and serving customers, including sales and marketing."
Sales motion,"Specific approach or process by which sales teams engage and close customers."
Sales productivity,"Revenue or bookings generated per salesperson or per sales resource."
Attach rate,"Frequency with which additional products or services are sold alongside primary offerings."
Cross‑sell,"Selling additional products or services to existing customers."
Upsell,"Convincing customers to move to higher‑priced or higher‑value offerings."
White space,"Untapped opportunity within existing customer base or markets not yet fully penetrated."
Share gains,"Increases in a company’s market share relative to competitors."
Share losses,"Declines in a company’s market share."
Addressable market (TAM),"Total potential revenue opportunity available in a market."
Serviceable market (SAM),"Portion of TAM that the company can realistically serve with its products and model."
Serviceable obtainable market (SOM),"Segment of SAM the company expects to capture in the near to medium term."
Penetration,"Extent to which the company has captured its target market, often expressed as a percentage."
Vertical,"Industry segment such as healthcare, retail, or financial services."
Horizontal,"Product or service that can be used across many industries or customer types."
Hybrid model,"Combination of different operating or delivery models, such as cloud plus on‑premise."
On‑premise,"Software or infrastructure deployed at customer locations rather than in the cloud."
Cloud,"Delivery of computing resources and software over the internet as services."
SaaS,"Software as a Service; subscription‑based software delivered via the cloud."
Unit growth,"Increase in units sold, separate from price effects."
Price/mix,"Contribution to revenue growth from changes in price and mix rather than volume."
FX headwind,"Negative impact of foreign exchange movements on reported results."
FX tailwind,"Positive impact of foreign exchange movements on reported results."
Hedge,"Financial instrument or strategy used to reduce risk from currency, interest rate, or commodity price changes."
Commodity exposure,"Company’s sensitivity to input prices such as oil, metals, or agricultural products."
Hedge effectiveness,"Performance of hedging strategies in offsetting underlying exposures."
Normalized earnings,"Earnings adjusted to remove unusual, cyclical, or one‑time items to reflect sustainable performance."
Through‑the‑cycle,"View of performance averaged over a full economic cycle rather than a single period."
Operational excellence,"Management emphasis on efficiency, quality, and continuous improvement in operations."
Customer centricity,"Strategic focus on customer needs, satisfaction, and long‑term relationships."
Innovation engine,"Company’s capacity to develop new products, services, or business models at scale."
Talent,"Workforce quality and capability, especially in key technical or leadership roles."
Bench strength,"Depth of talent available to step into critical positions if needed."